Image_date,Image_URL,Ingest_Date
2024-01-09,https://scontent-mad1-1.cdninstagram.com/v/t51.2885-15/417925500_7104297972940543_6474479618266288918_n.jpg?stp=dst-jpg_e35&_nc_ht=scontent-mad1-1.cdninstagram.com&_nc_cat=107&_nc_ohc=P6l0kbN_ySgAX_OV4Ct&edm=AOQ1c0wBAAAA&ccb=7-5&ig_cache_key=MzI3NjQwNjU0ODU2NzUzOTAxMQ%3D%3D.2-ccb7-5&oh=00_AfBPVjZ0ziONN9TkDSMRlJGyzMVZ0ICDT4C_DJ8Ru_Os_g&oe=65A2E51B&_nc_sid=8b3546,2024-01-09 21:57
2024-01-04,https://scontent-mad2-1.cdninstagram.com/v/t51.2885-15/416204401_902238341624588_5978318398759721203_n.jpg?stp=dst-jpg_e35&_nc_ht=scontent-mad2-1.cdninstagram.com&_nc_cat=108&_nc_ohc=pGDvC7slFTMAX_OPVbt&edm=AOQ1c0wBAAAA&ccb=7-5&ig_cache_key=MzI3Mjc4MjU3NTIxNDk0NTcyMA%3D%3D.2-ccb7-5&oh=00_AfAAjBHv_H9sbm2WX765JKo9nsnWlZXeeLlBWOcrM-xfew&oe=65A2944A&_nc_sid=8b3546,2024-01-09 21:57
2024-01-02,https://scontent-mad1-1.cdninstagram.com/v/t51.2885-15/416079004_357311040266054_219209463072278367_n.jpg?stp=dst-jpg_e35&_nc_ht=scontent-mad1-1.cdninstagram.com&_nc_cat=102&_nc_ohc=n9pyDs7NieYAX8VrBRR&edm=AOQ1c0wBAAAA&ccb=7-5&ig_cache_key=MzI3MTMzMjk4OTUzNTM4MTY1MQ%3D%3D.2-ccb7-5&oh=00_AfDBJOs_J7_o7mp1RLx_8arYBZ4wSubfgIxmVoGM3j84uA&oe=65A31768&_nc_sid=8b3546,2024-01-09 21:57
2024-01-01,https://scontent-mad1-1.cdninstagram.com/v/t51.2885-15/414470600_1067486051070798_3200623294780869045_n.jpg?stp=dst-jpg_e35&_nc_ht=scontent-mad1-1.cdninstagram.com&_nc_cat=106&_nc_ohc=-sbHT6Jndu4AX8QRoAK&edm=AOQ1c0wBAAAA&ccb=7-5&ig_cache_key=MzI3MDYwODMxMzQwMTIwNTA4Mg%3D%3D.2-ccb7-5&oh=00_AfCbqxS9Mn69ijDiXfI8pZNVkA76KqXQuBVDQn10zJ-PDw&oe=65A2E690&_nc_sid=8b3546,2024-01-09 21:57
2023-12-28,https://scontent-mad2-1.cdninstagram.com/v/t51.2885-15/413418315_1095913815176060_1937830891784165685_n.jpg?stp=dst-jpg_e35&_nc_ht=scontent-mad2-1.cdninstagram.com&_nc_cat=108&_nc_ohc=xGgBFSFwl64AX-ywpm0&edm=AOQ1c0wBAAAA&ccb=7-5&ig_cache_key=MzI2NzcwOTIzMjA2OTcwMjY0Mg%3D%3D.2-ccb7-5&oh=00_AfBmNpekbKw2lgaJBaSZVfGgoEkAfqVyAFwYBdefuGwD-w&oe=65A1B35E&_nc_sid=8b3546,2024-01-09 21:57
2023-12-26,https://scontent-mad1-1.cdninstagram.com/v/t51.2885-15/412620964_1077934713339077_4027481113231569772_n.jpg?stp=dst-jpg_e35&_nc_ht=scontent-mad1-1.cdninstagram.com&_nc_cat=105&_nc_ohc=yWZ39KiNbR8AX9EiUzL&edm=AOQ1c0wBAAAA&ccb=7-5&ig_cache_key=MzI2NjI1OTcxMDQ3ODk5MzkzNw%3D%3D.2-ccb7-5&oh=00_AfASCUhYywTnCYCPFFyX4nAtph3a3EHmfQK7D4v7JFgN-A&oe=65A2D812&_nc_sid=8b3546,2024-01-09 21:57
2023-12-25,https://scontent-mad1-1.cdninstagram.com/v/t51.2885-15/412599172_884009319892591_971153155156667015_n.jpg?stp=dst-jpg_e35&_nc_ht=scontent-mad1-1.cdninstagram.com&_nc_cat=107&_nc_ohc=CHB5njggHSsAX9cp-tQ&edm=AOQ1c0wBAAAA&ccb=7-5&ig_cache_key=MzI2NTUzNTAxMDUyODI3MDYwNQ%3D%3D.2-ccb7-5&oh=00_AfB_7RGbCe-GCxcR89iViV6i1of2X-lDoh7CX-u5QZLfjw&oe=65A23A55&_nc_sid=8b3546,2024-01-09 21:57
2023-12-21,https://scontent-mad1-1.cdninstagram.com/v/t51.2885-15/412085506_1046103639999529_807137798901610239_n.jpg?stp=dst-jpg_e35&_nc_ht=scontent-mad1-1.cdninstagram.com&_nc_cat=101&_nc_ohc=C4mKMqCbPuUAX9H-vGq&edm=AOQ1c0wBAAAA&ccb=7-5&ig_cache_key=MzI2MjYzNTc5NjkwNzM1MTE3Ng%3D%3D.2-ccb7-5&oh=00_AfDyh7NdlPnyNEMHHlopPsQ7RVnUMNdVFZnnQrEIsrFrnQ&oe=65A1F9BE&_nc_sid=8b3546,2024-01-09 21:57
2023-12-20,https://scontent-mad2-1.cdninstagram.com/v/t51.2885-15/412081634_871380394783354_3116598388097902837_n.jpg?stp=dst-jpg_e35&_nc_ht=scontent-mad2-1.cdninstagram.com&_nc_cat=110&_nc_ohc=cwK4xn5LcWkAX9nMUu9&edm=AOQ1c0wBAAAA&ccb=7-5&ig_cache_key=MzI2MTkxMTAyMjAzMTY5ODk3OA%3D%3D.2-ccb7-5&oh=00_AfCbsWVHq_5UxwWjXI0drBrN7uWr5--ApEE5y3O7CeCucA&oe=65A24894&_nc_sid=8b3546,2024-01-09 21:57
2023-12-19,https://scontent-mad1-1.cdninstagram.com/v/t51.2885-15/411863592_7028868990504987_4204351044815375068_n.jpg?stp=dst-jpg_e35&_nc_ht=scontent-mad1-1.cdninstagram.com&_nc_cat=103&_nc_ohc=NDaoHfAsJ18AX8SbHBk&edm=AOQ1c0wBAAAA&ccb=7-5&ig_cache_key=MzI2MTE5NDExMTQwMDc3OTE2Nw%3D%3D.2-ccb7-5&oh=00_AfB-YLCQEjTImK4DBCJWhdAjE2mgJgc4To9r_8_SQtQ9iw&oe=65A1BE3C&_nc_sid=8b3546,2024-01-09 21:57
2023-12-14,https://scontent-mad2-1.cdninstagram.com/v/t51.2885-15/410701537_1401701550429440_4129236788131924043_n.jpg?stp=dst-jpg_e35&_nc_ht=scontent-mad2-1.cdninstagram.com&_nc_cat=108&_nc_ohc=yPwJXC92LhEAX8ZWPYF&edm=AOQ1c0wBAAAA&ccb=7-5&ig_cache_key=MzI1NzU2MjM2MjcxMTk2MDc3MA%3D%3D.2-ccb7-5&oh=00_AfBgkcj4SYU4q2smTYOD0ViijYObXvIGZRvdbmGBjC02KA&oe=65A227A6&_nc_sid=8b3546,2024-01-09 21:57
2023-12-13,https://scontent-mad1-1.cdninstagram.com/v/t51.2885-15/409905480_1075760256791617_5519800024568781989_n.jpg?stp=dst-jpg_e35&_nc_ht=scontent-mad1-1.cdninstagram.com&_nc_cat=101&_nc_ohc=RM5p4UvG-3AAX_sjIe7&edm=AOQ1c0wBAAAA&ccb=7-5&ig_cache_key=MzI1NjgzNzYyODMwMzAyOTY0NA%3D%3D.2-ccb7-5&oh=00_AfBRrUtSITnHRwQhZkBZwGmyu_DWOLJFfMN-DLq4WG5egw&oe=65A1CE1F&_nc_sid=8b3546,2024-01-09 21:57
2023-12-12,https://scontent-mad2-1.cdninstagram.com/v/t51.2885-15/409618629_288573167515894_1535284121185365061_n.jpg?stp=dst-jpg_e35&_nc_ht=scontent-mad2-1.cdninstagram.com&_nc_cat=110&_nc_ohc=3bvnCA1WqtoAX9ffq0H&edm=APU89FABAAAA&ccb=7-5&oh=00_AfBgssOh9s1Qg6Ko583iw_JyUPV-ivKOkTSnLpJcwFNXOw&oe=65A204BB&_nc_sid=bc0c2c,2024-01-09 21:57
2023-12-07,https://scontent-mad1-1.cdninstagram.com/v/t51.2885-15/407708765_310317388586869_257087756692440217_n.jpg?stp=dst-jpg_e35&_nc_ht=scontent-mad1-1.cdninstagram.com&_nc_cat=101&_nc_ohc=KMctCz6ydwMAX8FKbQm&edm=APU89FABAAAA&ccb=7-5&oh=00_AfBJcQAhFBw-IzzGGPnsriANvkBlRnDD23vi_7YwXqbYbA&oe=65A20384&_nc_sid=bc0c2c,2024-01-09 21:57
2023-12-05,https://scontent-mad2-1.cdninstagram.com/v/t51.2885-15/407587461_384154340713305_5432192497271658516_n.jpg?stp=dst-jpg_e35&_nc_ht=scontent-mad2-1.cdninstagram.com&_nc_cat=109&_nc_ohc=foK-SBZyWoIAX9paZEl&edm=APU89FABAAAA&ccb=7-5&oh=00_AfDS2PTmxnO3G2_EJ2UIsTsI2O6qn3UsgalopKkYljYOMA&oe=65A32176&_nc_sid=bc0c2c,2024-01-09 21:57
2023-12-04,https://scontent-mad2-1.cdninstagram.com/v/t51.2885-15/405547146_1540891453345583_4114838530464662169_n.jpg?stp=dst-jpg_e35&_nc_ht=scontent-mad2-1.cdninstagram.com&_nc_cat=111&_nc_ohc=KaslnD8BXgQAX9tRdKi&edm=APU89FABAAAA&ccb=7-5&oh=00_AfBupu8UZ3aEJTb1HD8SK6bhZ2ispMnDlIY6zbOIFPVzqg&oe=65A316BF&_nc_sid=bc0c2c,2024-01-09 21:57
2023-12-01,https://scontent-mad1-1.cdninstagram.com/v/t51.2885-15/405216883_251013841061918_5324714603881814080_n.jpg?stp=dst-jpg_e15&_nc_ht=scontent-mad1-1.cdninstagram.com&_nc_cat=102&_nc_ohc=hda2SWGK2ZcAX-N8OiP&edm=APU89FABAAAA&ccb=7-5&oh=00_AfBcFlO3hQFotWJg3BCqvOOOmIbzw6bxrf0zU51pbBAdhw&oe=65A2634F&_nc_sid=bc0c2c,2024-01-09 21:57
2023-11-29,https://scontent-mad2-1.cdninstagram.com/v/t51.2885-15/404575428_1013329663299676_4125188733600975809_n.jpg?stp=dst-jpg_e35&_nc_ht=scontent-mad2-1.cdninstagram.com&_nc_cat=104&_nc_ohc=j068qC4IbH0AX9uVJGW&edm=APU89FABAAAA&ccb=7-5&oh=00_AfAQYpW3G0dxva3bFVgDuryLJIT8FA8NImHsAe0uqyz87g&oe=65A2C4BB&_nc_sid=bc0c2c,2024-01-09 21:57
2023-11-27,https://scontent-mad1-1.cdninstagram.com/v/t51.2885-15/404879922_666132988989735_8686575162164638488_n.jpg?stp=dst-jpg_e35&_nc_ht=scontent-mad1-1.cdninstagram.com&_nc_cat=103&_nc_ohc=VkYoZzFLSFQAX9IGWwS&edm=APU89FABAAAA&ccb=7-5&oh=00_AfDh1fWj2yBXi4872H739jktocSnrblV-mnKCvkNuitxPQ&oe=65A27D69&_nc_sid=bc0c2c,2024-01-09 21:57
2023-11-24,https://scontent-mad2-1.cdninstagram.com/v/t51.2885-15/404334168_1289959871687925_6222227739493331566_n.jpg?stp=dst-jpg_e35&_nc_ht=scontent-mad2-1.cdninstagram.com&_nc_cat=109&_nc_ohc=pn-2Dmnf5wgAX_u_nt3&edm=APU89FABAAAA&ccb=7-5&oh=00_AfDwrUygVx7W6Za2eQMhLF8444H1Y9mjr4SV-78YFYKB3w&oe=65A2CA29&_nc_sid=bc0c2c,2024-01-09 21:57
2023-11-22,https://scontent-mad1-1.cdninstagram.com/v/t51.2885-15/403936723_1065531361472453_5083046645097886976_n.jpg?stp=dst-jpg_e35&_nc_ht=scontent-mad1-1.cdninstagram.com&_nc_cat=105&_nc_ohc=z_c2h8dAmuEAX-vQ-8Z&edm=APU89FABAAAA&ccb=7-5&oh=00_AfBsnp5AihSQbWuqzo4hl5CyDBL4wQJVgFkZmavkgQLJBQ&oe=65A1BBF7&_nc_sid=bc0c2c,2024-01-09 21:57
2023-11-20,https://scontent-mad1-1.cdninstagram.com/v/t51.2885-15/403774119_876998314100774_7015040225389885679_n.jpg?stp=dst-jpg_e15&_nc_ht=scontent-mad1-1.cdninstagram.com&_nc_cat=102&_nc_ohc=VzXTZc8KyWEAX8szNFx&edm=APU89FABAAAA&ccb=7-5&oh=00_AfB0ASuwOyMorjq4Ln15Yu8uGyEbSvd2i401mc6TsW5PmA&oe=65A2EB65&_nc_sid=bc0c2c,2024-01-09 21:57
2023-11-17,https://scontent-mad1-1.cdninstagram.com/v/t51.2885-15/402865393_156607324178382_6026666234054984568_n.jpg?stp=dst-jpg_e35&_nc_ht=scontent-mad1-1.cdninstagram.com&_nc_cat=106&_nc_ohc=7JVLjccxzxsAX95zr7B&edm=APU89FABAAAA&ccb=7-5&oh=00_AfAY6xqEYFALo1ovzGJcGRGpg4VrXOj3J3kCKD8aqxBBVQ&oe=65A286F5&_nc_sid=bc0c2c,2024-01-09 21:57
2023-11-15,https://scontent-mad2-1.cdninstagram.com/v/t51.2885-15/401973328_1078423180006929_7089820502569503972_n.jpg?stp=dst-jpg_e35&_nc_ht=scontent-mad2-1.cdninstagram.com&_nc_cat=109&_nc_ohc=lQMpleL_obYAX-kAeTX&edm=APU89FABAAAA&ccb=7-5&oh=00_AfDsQPhUcIQanljqJA0AMT1CHuoce3e4g5rsjZpifZ9Jew&oe=65A26F6C&_nc_sid=bc0c2c,2024-01-09 21:57
2023-11-13,https://scontent-mad2-1.cdninstagram.com/v/t51.2885-15/401812903_3762890080664842_5323763641901615505_n.jpg?stp=dst-jpg_e35&_nc_ht=scontent-mad2-1.cdninstagram.com&_nc_cat=110&_nc_ohc=nc07e8HoaeMAX_bvVOC&edm=APU89FABAAAA&ccb=7-5&oh=00_AfC7KJqY_onpLvaqeNbIEWB3-sI4Izx9hPX5DF_QcpS3Hw&oe=65A26FD0&_nc_sid=bc0c2c,2024-01-09 21:57
2023-11-10,https://scontent-mad2-1.cdninstagram.com/v/t51.2885-15/400747074_719486643372119_3065030689244103568_n.jpg?stp=dst-jpg_e15_fr_s1080x1080&_nc_ht=scontent-mad2-1.cdninstagram.com&_nc_cat=111&_nc_ohc=KxUVG9FlGbwAX-ccSaK&edm=APU89FABAAAA&ccb=7-5&oh=00_AfBigzME4xvDrvZO2p-XiCxZiU84T_dmmVbxISc2spBHaA&oe=65A240F9&_nc_sid=bc0c2c,2024-01-09 21:57
2023-11-08,https://scontent-mad1-1.cdninstagram.com/v/t51.2885-15/400107013_656279653035197_8495708642398994845_n.jpg?stp=dst-jpg_e15_fr_s1080x1080&_nc_ht=scontent-mad1-1.cdninstagram.com&_nc_cat=105&_nc_ohc=4sOONpylFNoAX-TtFIt&edm=APU89FABAAAA&ccb=7-5&oh=00_AfAIC1YhMGlnLsTt398WDx9ky2oisMN3jio-q1kyZWWnsQ&oe=65A240B3&_nc_sid=bc0c2c,2024-01-09 21:57
2023-11-06,https://scontent-mad1-1.cdninstagram.com/v/t51.2885-15/398921195_701648845212769_1168421239230509566_n.jpg?stp=dst-jpg_e15_fr_s1080x1080&_nc_ht=scontent-mad1-1.cdninstagram.com&_nc_cat=101&_nc_ohc=dfEEWtdUmhIAX_FWpwa&edm=APU89FABAAAA&ccb=7-5&oh=00_AfAl7IVgf3hi9SJfFfjh-zl2pc12k7mXXvDNr6G4EbYXzA&oe=65A39EAB&_nc_sid=bc0c2c,2024-01-09 21:57
2023-11-03,https://scontent-mad1-1.cdninstagram.com/v/t51.2885-15/398031195_647743854100782_2766330460512887476_n.jpg?stp=dst-jpg_e15_fr_s1080x1080&_nc_ht=scontent-mad1-1.cdninstagram.com&_nc_cat=106&_nc_ohc=7YvDjrVEXE8AX-5XchH&edm=APU89FABAAAA&ccb=7-5&oh=00_AfAhRdYlNtHRdorwfImJzWY8QLXJyG8veAA5MTP33yrvnQ&oe=65A316F7&_nc_sid=bc0c2c,2024-01-09 21:57
2023-11-02,https://scontent-mad1-1.cdninstagram.com/v/t51.2885-15/397526149_2109149709443430_3613135471885132229_n.jpg?stp=dst-jpg_e15_fr_s1080x1080&_nc_ht=scontent-mad1-1.cdninstagram.com&_nc_cat=106&_nc_ohc=VTxvd5IINwUAX9ivDa1&edm=APU89FABAAAA&ccb=7-5&oh=00_AfCC5gf0sfLHKXJqJ5LC4mrdSGVF70X17oU9bth_3bBGtA&oe=65A1B64F&_nc_sid=bc0c2c,2024-01-09 21:57
2023-10-30,https://scontent-mad2-1.cdninstagram.com/v/t51.2885-15/397574607_834224588703100_1802804760221467757_n.jpg?stp=dst-jpg_e15_fr_s1080x1080&_nc_ht=scontent-mad2-1.cdninstagram.com&_nc_cat=104&_nc_ohc=S2dTYacANHoAX8swD3f&edm=APU89FABAAAA&ccb=7-5&oh=00_AfCcPSytlNKDdd8JhuN-yL98WKnpo5gznmTf9G6mCi1xuQ&oe=65A3A1F9&_nc_sid=bc0c2c,2024-01-09 21:57
2023-10-27,https://scontent-mad2-1.cdninstagram.com/v/t51.2885-15/395501131_1345637849374665_1293900563557432844_n.jpg?stp=dst-jpg_e15_fr_s1080x1080&_nc_ht=scontent-mad2-1.cdninstagram.com&_nc_cat=109&_nc_ohc=Zkz273ARmuMAX8ba9zz&edm=APU89FABAAAA&ccb=7-5&oh=00_AfA2YvB4P1-v4GIsQzMTAv6KsvQgoLpb_LJ72vnYUinqsA&oe=65A39494&_nc_sid=bc0c2c,2024-01-09 21:57
2023-10-25,https://scontent-mad1-1.cdninstagram.com/v/t51.2885-15/394702015_1086801162486351_5579237868261185009_n.jpg?stp=dst-jpg_e15_fr_s1080x1080&_nc_ht=scontent-mad1-1.cdninstagram.com&_nc_cat=103&_nc_ohc=GMbxUo8uMr4AX8XLNqR&edm=APU89FABAAAA&ccb=7-5&oh=00_AfDEy7ENx9cZuLPmzYYLPgluaJWyJnQfgDIsc-8AdJhz1A&oe=65A33495&_nc_sid=bc0c2c,2024-01-09 21:57
2023-10-23,https://scontent-mad1-1.cdninstagram.com/v/t51.2885-15/395046403_1612653882475191_460799849632126143_n.jpg?stp=dst-jpg_e15_fr_s1080x1080&_nc_ht=scontent-mad1-1.cdninstagram.com&_nc_cat=103&_nc_ohc=UJnUhTtE73UAX8m_VYo&edm=APU89FABAAAA&ccb=7-5&oh=00_AfClFgpE8RNPQSJ2MyYETk2u31iKWKoQEB-o85EDdFfN4Q&oe=65A1CF9A&_nc_sid=bc0c2c,2024-01-09 21:57
2023-10-20,https://scontent-mad1-1.cdninstagram.com/v/t51.2885-15/393587392_1770045033445673_5652562925686694186_n.jpg?stp=dst-jpg_e15_fr_s1080x1080&_nc_ht=scontent-mad1-1.cdninstagram.com&_nc_cat=105&_nc_ohc=41DrKBAQfBoAX8ZVbvI&edm=APU89FABAAAA&ccb=7-5&oh=00_AfA7f2cNT4vCHvmNMF6vssuxDTvgTiEin2wYWGzVk9k3dg&oe=65A29C9D&_nc_sid=bc0c2c,2024-01-09 21:57
2023-10-18,https://scontent-mad2-1.cdninstagram.com/v/t51.2885-15/393100482_1348659359082575_7427849349791012212_n.jpg?stp=dst-jpg_e15&_nc_ht=scontent-mad2-1.cdninstagram.com&_nc_cat=111&_nc_ohc=Ns9xpnqWB7EAX8MX63J&edm=APU89FABAAAA&ccb=7-5&oh=00_AfDtpvVYRnkoODlu6th0YiK1ZrpL_MAFJHDNwQ3yaM6ujw&oe=659F6870&_nc_sid=bc0c2c,2024-01-09 21:57
2023-10-18,https://scontent-mad2-1.cdninstagram.com/v/t51.2885-15/393531962_863690388530051_2476067949429033228_n.jpg?stp=dst-jpg_e15_fr_s1080x1080&_nc_ht=scontent-mad2-1.cdninstagram.com&_nc_cat=111&_nc_ohc=dF6Ufwv2w6MAX-lFc_N&edm=APU89FABAAAA&ccb=7-5&oh=00_AfD8ksG7-6qfCWiW2WSnOQyM93gOhf4Y3Pvx2WJDGyyAfQ&oe=65A33244&_nc_sid=bc0c2c,2024-01-09 21:57
2023-10-17,https://scontent-mad1-1.cdninstagram.com/v/t51.2885-15/393555458_1050651742602533_6557869747829978792_n.jpg?stp=dst-jpg_e15_fr_s1080x1080&_nc_ht=scontent-mad1-1.cdninstagram.com&_nc_cat=105&_nc_ohc=XkwLh-fcxgwAX_DZRhi&edm=APU89FABAAAA&ccb=7-5&oh=00_AfDUq34GMYvG12R0uus5R--BuWubCcp-y4JZ7TXLyZvNTA&oe=65A22538&_nc_sid=bc0c2c,2024-01-09 21:57
2023-10-17,https://scontent-mad2-1.cdninstagram.com/v/t51.2885-15/391477810_344520047959966_1943930434599711719_n.jpg?stp=dst-jpg_e15_fr_s1080x1080&_nc_ht=scontent-mad2-1.cdninstagram.com&_nc_cat=110&_nc_ohc=EaJJGw4mg_oAX8iY6dZ&edm=APU89FABAAAA&ccb=7-5&oh=00_AfAcQ5Y3ogunvej7JY0fgjTgPzpXtcMpsMJQYZQ7UFXjSg&oe=65A1D5D2&_nc_sid=bc0c2c,2024-01-09 21:57
2023-10-13,https://scontent-mad2-1.cdninstagram.com/v/t51.2885-15/391130761_2041546379517276_3490726768447986420_n.jpg?stp=dst-jpg_e15_fr_s1080x1080&_nc_ht=scontent-mad2-1.cdninstagram.com&_nc_cat=100&_nc_ohc=FAn1fz72B2wAX_sv238&edm=APU89FABAAAA&ccb=7-5&oh=00_AfDB3YANYgT4AMfiNwIVgHcunfDLjpYhfWhkyR__9AfN-A&oe=65A331CE&_nc_sid=bc0c2c,2024-01-09 21:57
2023-10-11,https://scontent-mad1-1.cdninstagram.com/v/t51.2885-15/387605107_323143076967482_8480474099047784728_n.jpg?stp=dst-jpg_e15_fr_s1080x1080&_nc_ht=scontent-mad1-1.cdninstagram.com&_nc_cat=102&_nc_ohc=kd3IzUQ0xUoAX8CdubP&edm=APU89FABAAAA&ccb=7-5&oh=00_AfCyIWOdqIg4jJ15pSkJtiAnBLIardcMa8nRnB1lGz8INQ&oe=659F8C34&_nc_sid=bc0c2c,2024-01-09 21:57
2023-10-11,https://scontent-mad1-1.cdninstagram.com/v/t51.2885-15/391125687_1536576137089374_5880938404766534351_n.jpg?stp=dst-jpg_e15&_nc_ht=scontent-mad1-1.cdninstagram.com&_nc_cat=106&_nc_ohc=Hq-k86NvnTUAX9yQqJC&edm=APU89FABAAAA&ccb=7-5&oh=00_AfD9fi8kz0nIdArzxKvp882wpjpLtJ4KVgZXvFN5Z55HqA&oe=659F1367&_nc_sid=bc0c2c,2024-01-09 21:57
2023-10-11,https://scontent-mad2-1.cdninstagram.com/v/t51.2885-15/387268685_3676038199309048_6084328863883082780_n.jpg?stp=dst-jpg_e35_p1080x1080_sh0.08&_nc_ht=scontent-mad2-1.cdninstagram.com&_nc_cat=104&_nc_ohc=jH-Ysvf_xnkAX90pS9D&edm=APU89FABAAAA&ccb=7-5&oh=00_AfD5K_KiSH0u0gpzB6QlLGkMlbDiKGr5W7fwpF--5UarrQ&oe=659F48D2&_nc_sid=bc0c2c,2024-01-09 21:57
2023-10-11,https://scontent-mad1-1.cdninstagram.com/v/t51.2885-15/387770306_328174689793986_3386611890110923581_n.jpg?stp=dst-jpg_e15_fr_s1080x1080&_nc_ht=scontent-mad1-1.cdninstagram.com&_nc_cat=106&_nc_ohc=ze69cJbhpVkAX--X3aF&edm=APU89FABAAAA&ccb=7-5&oh=00_AfDhtQwoG0ARtcp5MhRAa9jbLzakdZWVslS1UPv62BH7nA&oe=65A20347&_nc_sid=bc0c2c,2024-01-09 21:57
2023-10-09,https://scontent-mad2-1.cdninstagram.com/v/t51.2885-15/387265241_852582099523378_1027616154310084540_n.jpg?stp=dst-jpg_e15_fr_s1080x1080&_nc_ht=scontent-mad2-1.cdninstagram.com&_nc_cat=110&_nc_ohc=lQKVRKSnVZcAX9bCPF-&edm=APU89FABAAAA&ccb=7-5&oh=00_AfBJNGa6ad_Z8j7JgNCy8q8uiKN783wJpGEMN2mEewwyWA&oe=65A2FAB9&_nc_sid=bc0c2c,2024-01-09 21:57
2023-10-06,https://scontent-mad2-1.cdninstagram.com/v/t51.2885-15/386591156_348488917601735_2770860955022029872_n.jpg?stp=dst-jpg_e15_fr_s1080x1080&_nc_ht=scontent-mad2-1.cdninstagram.com&_nc_cat=111&_nc_ohc=VDWpWYI40O4AX-P4HVB&edm=APU89FABAAAA&ccb=7-5&oh=00_AfDU6zKapJJo5RMzR6bpBYByri6t7RYEOik7LqXVtnvxcA&oe=65A29006&_nc_sid=bc0c2c,2024-01-09 21:57
2023-10-04,https://scontent-mad1-1.cdninstagram.com/v/t51.2885-15/385876283_278820638402969_6469093740779159012_n.jpg?stp=dst-jpg_e15_fr_s1080x1080&_nc_ht=scontent-mad1-1.cdninstagram.com&_nc_cat=105&_nc_ohc=mUmiTfY8hPUAX-Ro_mu&edm=APU89FABAAAA&ccb=7-5&oh=00_AfAWRVp55JImzqrD-7j8NOil-XmrJSuzSCJE1eIIVhB5ew&oe=65A1FF53&_nc_sid=bc0c2c,2024-01-09 21:57
2023-10-02,https://scontent-mad1-1.cdninstagram.com/v/t51.2885-15/385180392_249535230960446_5240990875067838962_n.jpg?stp=dst-jpg_e15_fr_s1080x1080&_nc_ht=scontent-mad1-1.cdninstagram.com&_nc_cat=102&_nc_ohc=1cBLUCz_3AIAX-9C1xv&edm=APU89FABAAAA&ccb=7-5&oh=00_AfAUJ7f6dKAek23EaAogpUhM70k56kn9eDrf0I9xi4_fyQ&oe=65A2A21A&_nc_sid=bc0c2c,2024-01-09 21:57
2023-09-29,https://scontent-mad2-1.cdninstagram.com/v/t51.2885-15/384815644_6620446321374892_6582894236166226542_n.jpg?stp=dst-jpg_e35_s1080x1080&_nc_ht=scontent-mad2-1.cdninstagram.com&_nc_cat=104&_nc_ohc=sPw84x9OH2sAX_HkzGY&edm=APU89FABAAAA&ccb=7-5&oh=00_AfBNvdOyX9IvmZvrhYXxTK5JDuGeh9iBsZIVcQIvTDdDzg&oe=65A25E33&_nc_sid=bc0c2c,2024-01-09 21:57
2023-09-29,https://scontent-mad1-1.cdninstagram.com/v/t51.2885-15/384343773_290474673767233_5009548675247276715_n.jpg?stp=dst-jpg_e35_p1080x1080_sh0.08&_nc_ht=scontent-mad1-1.cdninstagram.com&_nc_cat=101&_nc_ohc=0LboOxQ1QFIAX8RBg5s&edm=APU89FABAAAA&ccb=7-5&oh=00_AfD5YE2D5bMsPzwZgzGwqNV7mBxw-q2Q3_oiI9Nti8DPEA&oe=659F5C4C&_nc_sid=bc0c2c,2024-01-09 21:57
2023-09-27,https://scontent-mad2-1.cdninstagram.com/v/t51.2885-15/383734635_259490743736664_9140319330476454400_n.jpg?stp=dst-jpg_e15&_nc_ht=scontent-mad2-1.cdninstagram.com&_nc_cat=100&_nc_ohc=VSOi-BXLrHQAX-wwfjp&edm=APU89FABAAAA&ccb=7-5&oh=00_AfCWOaqMAcJ3FrRhfARP_kD4B1BPlGQuvHfLoS5fysluTg&oe=659F298D&_nc_sid=bc0c2c,2024-01-09 21:57
